surah_number,ayah_number_in_surah,global_ayah_number,text_arabic,text_urdu,audio_url
1,1,1,بِسْمِ ٱللَّهِ ٱلرَّحْمَٰنِ ٱلرَّحِيمِ,شروع الله کا نام لے کر جو بڑا مہربان نہایت رحم والا ہے,https://cdn.islamic.network/quran/audio/128/ar.alafasy/1.mp3
1,2,2,ٱلْحَمْدُ لِلَّهِ رَبِّ ٱلْعَٰلَمِينَ,سب طرح کی تعریف خدا ہی کو (سزاوار) ہے جو تمام مخلوقات کا پروردگار ہے,https://cdn.islamic.network/quran/audio/128/ar.alafasy/2.mp3
1,3,3,ٱلرَّحْمَٰنِ ٱلرَّحِيمِ,بڑا مہربان نہایت رحم والا,https://cdn.islamic.network/quran/audio/128/ar.alafasy/3.mp3
1,4,4,مَٰلِكِ يَوْمِ ٱلدِّينِ,انصاف کے دن کا حاکم,https://cdn.islamic.network/quran/audio/128/ar.alafasy/4.mp3
1,5,5,إِيَّاكَ نَعْبُدُ وَإِيَّاكَ نَسْتَعِينُ,(اے پروردگار) ہم تیری ہی عبادت کرتے ہیں اور تجھ ہی سے مدد مانگتے ہیں,https://cdn.islamic.network/quran/audio/128/ar.alafasy/5.mp3
1,6,6,ٱهْدِنَا ٱلصِّرَٰطَ ٱلْمُسْتَقِيمَ,ہم کو سیدھے رستے چلا,https://cdn.islamic.network/quran/audio/128/ar.alafasy/6.mp3
1,7,7,صِرَٰطَ ٱلَّذِينَ أَنْعَمْتَ عَلَيْهِمْ غَيْرِ ٱلْمَغْضُوبِ عَلَيْهِمْ وَلَا ٱلضَّآلِّينَ,ان لوگوں کے رستے جن پر تو اپنا فضل وکرم کرتا رہا نہ ان کے جن پر غصے ہوتا رہا اور نہ گمراہوں کے,https://cdn.islamic.network/quran/audio/128/ar.alafasy/7.mp3
112,1,6222,بِسْمِ ٱللَّهِ ٱلرَّحْمَٰنِ ٱلرَّحِيمِ قُلْ هُوَ ٱللَّهُ أَحَدٌ,کہو کہ وہ (ذات پاک جس کا نام) الله (ہے) ایک ہے,https://cdn.islamic.network/quran/audio/128/ar.alafasy/6222.mp3
112,2,6223,ٱللَّهُ ٱلصَّمَدُ,معبود برحق جو بےنیاز ہے,https://cdn.islamic.network/quran/audio/128/ar.alafasy/6223.mp3
112,3,6224,لَمْ يَلِدْ وَلَمْ يُولَدْ,نہ کسی کا باپ ہے اور نہ کسی کا بیٹا,https://cdn.islamic.network/quran/audio/128/ar.alafasy/6224.mp3
112,4,6225,وَلَمْ يَكُن لَّهُۥ كُفُوًا أَحَدٌۢ,اور کوئی اس کا ہمسر نہیں,https://cdn.islamic.network/quran/audio/128/ar.alafasy/6225.mp3
